Timestamp,User Count,Type,Name,Requests/s,Failures/s,50%,66%,75%,80%,90%,95%,98%,99%,99.9%,99.99%,100%,Total Request Count,Total Failure Count,Total Median Response Time,Total Average Response Time,Total Min Response Time,Total Max Response Time,Total Average Content Size
1788122274,0,,Aggregated,0.000000,0.000000,N/A,N/A,N/A,N/A,N/A,N/A,N/A,N/A,N/A,N/A,N/A,0,0,0,0.0,0,0,0
1788122275,40,,Aggregated,0.000000,0.000000,470,470,470,470,470,610,610,610,610,610,610,19,0,470,428.67112631594,7.855599997128593,612.6116000014008,1661.3157894736842
1788122276,60,,Aggregated,0.000000,0.000000,470,480,700,700,700,700,1700,1700,1700,1700,1700,32,0,470,535.1431562500011,7.855599997128593,1701.6293999986374,998.21875
1788122277,80,,Aggregated,18.000000,0.000000,470,480,700,700,1200,1200,1700,1700,1700,1700,1700,45,0,470,574.3271622223094,7.855599997128593,1701.6293999986374,1443.6666666666667
1788122278,100,,Aggregated,11.500000,0.000000,610,720,900,1200,1500,1500,1600,1700,1700,1700,1700,73,0,610,752.9311890411669,7.855599997128593,1701.6293999986374,2366.958904109589
1788122279,120,,Aggregated,14.666667,0.000000,700,1100,1500,1500,1500,1700,3500,3500,3500,3500,3500,107,0,700,958.8001476636534,7.855599997128593,3512.323800001468,2619.9065420560746
1788122280,140,,Aggregated,12.750000,0.000000,760,1200,1500,1500,1600,1900,3500,3500,3500,3500,3500,113,0,760,996.542382300995,7.855599997128593,3512.323800001468,2481.858407079646
1788122281,160,,Aggregated,20.200000,0.000000,810,1300,1500,1500,1700,2000,3500,3500,3500,3500,3500,128,0,780,1014.5435000000873,7.855599997128593,3512.323800001468,2341.1875
1788122282,180,,Aggregated,18.000000,0.000000,1100,1500,1500,1700,2700,3300,3500,5300,5300,5300,5300,155,0,1100,1297.5104703226186,7.855599997128593,5264.566599998943,2244.3225806451615
1788122283,200,,Aggregated,17.285714,0.000000,1200,1500,1700,2000,2900,3400,3600,5300,5300,5300,5300,163,0,1200,1372.7439368098862,7.855599997128593,5264.566599998943,2135.153374233129
1788122284,200,,Aggregated,17.285714,0.000000,1200,1500,1700,2000,2900,3400,3600,5300,5300,5300,5300,163,0,1200,1372.7439368098862,7.855599997128593,5264.566599998943,2135.153374233129
1788122285,200,,Aggregated,17.285714,0.000000,1200,1500,1700,2000,2900,3400,3600,5300,5300,5300,5300,163,0,1200,1372.7439368098862,7.855599997128593,5264.566599998943,2135.153374233129
1788122286,200,,Aggregated,17.285714,0.000000,1200,1500,1700,2000,2900,3400,3600,5300,5300,5300,5300,163,0,1200,1372.7439368098862,7.855599997128593,5264.566599998943,2135.153374233129
1788122287,200,,Aggregated,17.285714,0.000000,1200,1500,1700,2000,2900,3400,3600,5300,5300,5300,5300,163,0,1200,1372.7439368098862,7.855599997128593,5264.566599998943,2135.153374233129
1788122288,200,,Aggregated,17.285714,0.000000,1200,1500,1700,2000,2900,3400,3600,5300,5300,5300,5300,163,0,1200,1372.7439368098862,7.855599997128593,5264.566599998943,2135.153374233129
1788122289,200,,Aggregated,17.285714,0.000000,1200,1500,1700,2000,2900,3400,3600,5300,5300,5300,5300,163,0,1200,1372.7439368098862,7.855599997128593,5264.566599998943,2135.153374233129
1788122290,200,,Aggregated,17.285714,0.000000,1200,1500,1700,2000,2900,3400,3600,5300,5300,5300,5300,163,0,1200,1372.7439368098862,7.855599997128593,5264.566599998943,2135.153374233129
1788122291,200,,Aggregated,17.285714,0.000000,1200,1500,1700,2000,2900,3400,3600,5300,5300,5300,5300,163,0,1200,1372.7439368098862,7.855599997128593,5264.566599998943,2135.153374233129
1788122292,200,,Aggregated,17.285714,0.000000,1200,1500,1700,2000,2900,3400,3600,5300,5300,5300,5300,163,0,1200,1372.7439368098862,7.855599997128593,5264.566599998943,2135.153374233129
1788122293,200,,Aggregated,17.285714,0.000000,1200,1500,1700,2000,2900,3400,3600,5300,5300,5300,5300,163,0,1200,1372.7439368098862,7.855599997128593,5264.566599998943,2135.153374233129
1788122294,200,,Aggregated,17.285714,0.000000,1200,1500,1700,2000,2900,3400,3600,5300,5300,5300,5300,163,0,1200,1372.7439368098862,7.855599997128593,5264.566599998943,2135.153374233129
1788122295,200,,Aggregated,17.285714,0.000000,1200,1500,1700,2000,2900,3400,3600,5300,5300,5300,5300,163,0,1200,1372.7439368098862,7.855599997128593,5264.566599998943,2135.153374233129
1788122296,200,,Aggregated,17.285714,0.000000,1200,1500,1700,2000,2900,3400,3600,5300,5300,5300,5300,163,0,1200,1372.7439368098862,7.855599997128593,5264.566599998943,2135.153374233129
1788122297,200,,Aggregated,17.285714,0.000000,1200,1500,1700,2000,2900,3400,3600,5300,5300,5300,5300,163,0,1200,1372.7439368098862,7.855599997128593,5264.566599998943,2135.153374233129
1788122298,200,,Aggregated,17.285714,0.000000,1200,1500,1700,2000,2900,3400,3600,5300,5300,5300,5300,163,0,1200,1372.7439368098862,7.855599997128593,5264.566599998943,2135.153374233129
1788122299,200,,Aggregated,17.285714,0.000000,1200,1500,1700,2000,2900,3400,3600,5300,5300,5300,5300,163,0,1200,1372.7439368098862,7.855599997128593,5264.566599998943,2135.153374233129
1788122300,200,,Aggregated,17.285714,0.000000,1200,1500,1700,2000,2900,3400,3600,5300,5300,5300,5300,163,0,1200,1372.7439368098862,7.855599997128593,5264.566599998943,2135.153374233129
1788122301,200,,Aggregated,17.285714,0.000000,1200,1500,1700,2000,2900,3400,3600,5300,5300,5300,5300,163,0,1200,1372.7439368098862,7.855599997128593,5264.566599998943,2135.153374233129
1788122302,200,,Aggregated,17.285714,0.000000,1200,1500,1700,2000,2900,3400,3600,5300,5300,5300,5300,163,0,1200,1372.7439368098862,7.855599997128593,5264.566599998943,2135.153374233129
1788122303,200,,Aggregated,17.285714,0.000000,1200,1500,1700,2000,2900,3400,3600,5300,5300,5300,5300,163,0,1200,1372.7439368098862,7.855599997128593,5264.566599998943,2135.153374233129
1788122304,200,,Aggregated,17.285714,0.000000,1200,1500,1700,2000,2900,3400,3600,5300,5300,5300,5300,163,0,1200,1372.7439368098862,7.855599997128593,5264.566599998943,2135.153374233129
1788122305,200,,Aggregated,17.285714,0.000000,1200,1500,1700,2000,2900,3400,3600,5300,5300,5300,5300,163,0,1200,1372.7439368098862,7.855599997128593,5264.566599998943,2135.153374233129
1788122306,200,,Aggregated,17.285714,0.000000,1200,1500,1700,2000,2900,3400,3600,5300,5300,5300,5300,163,0,1200,1372.7439368098862,7.855599997128593,5264.566599998943,2135.153374233129
1788122307,200,,Aggregated,17.285714,0.000000,1200,1500,1700,2000,2900,3400,3600,5300,5300,5300,5300,163,0,1200,1372.7439368098862,7.855599997128593,5264.566599998943,2135.153374233129
1788122308,200,,Aggregated,17.285714,0.000000,1200,1500,1700,2000,2900,3400,3600,5300,5300,5300,5300,163,0,1200,1372.7439368098862,7.855599997128593,5264.566599998943,2135.153374233129
1788122309,200,,Aggregated,17.285714,0.000000,1200,1500,1700,2000,2900,3400,3600,5300,5300,5300,5300,163,0,1200,1372.7439368098862,7.855599997128593,5264.566599998943,2135.153374233129
1788122310,200,,Aggregated,17.285714,0.000000,1200,1500,1700,2000,2900,3400,3600,5300,5300,5300,5300,163,0,1200,1372.7439368098862,7.855599997128593,5264.566599998943,2135.153374233129
1788122311,200,,Aggregated,17.285714,0.000000,1200,1500,1700,2000,2900,3400,3600,5300,5300,5300,5300,163,0,1200,1372.7439368098862,7.855599997128593,5264.566599998943,2135.153374233129
1788122312,200,,Aggregated,17.285714,0.000000,1200,1500,1700,2000,2900,3400,3600,5300,5300,5300,5300,163,0,1200,1372.7439368098862,7.855599997128593,5264.566599998943,2135.153374233129
1788122313,200,,Aggregated,17.285714,0.000000,1200,1500,1700,2000,2900,3400,3600,5300,5300,5300,5300,163,0,1200,1372.7439368098862,7.855599997128593,5264.566599998943,2135.153374233129
1788122314,200,,Aggregated,17.285714,0.000000,1200,1500,1700,2000,2900,3400,3600,5300,5300,5300,5300,163,0,1200,1372.7439368098862,7.855599997128593,5264.566599998943,2135.153374233129
1788122315,200,,Aggregated,17.285714,0.000000,1200,1500,1700,2000,2900,3400,3600,5300,5300,5300,5300,163,0,1200,1372.7439368098862,7.855599997128593,5264.566599998943,2135.153374233129
1788122316,200,,Aggregated,17.285714,0.000000,1200,1500,1700,2000,2900,3400,3600,5300,5300,5300,5300,163,0,1200,1372.7439368098862,7.855599997128593,5264.566599998943,2135.153374233129
1788122317,200,,Aggregated,17.285714,0.000000,1200,1500,1700,2000,2900,3400,3600,5300,5300,5300,5300,163,0,1200,1372.7439368098862,7.855599997128593,5264.566599998943,2135.153374233129
1788122318,200,,Aggregated,17.285714,0.000000,1200,1500,1700,2000,2900,3400,3600,5300,5300,5300,5300,163,0,1200,1372.7439368098862,7.855599997128593,5264.566599998943,2135.153374233129
1788122319,200,,Aggregated,17.285714,0.000000,1200,1500,1700,2000,2900,3400,3600,5300,5300,5300,5300,163,0,1200,1372.7439368098862,7.855599997128593,5264.566599998943,2135.153374233129
1788122320,200,,Aggregated,17.285714,0.000000,1200,1500,1700,2000,2900,3400,3600,5300,5300,5300,5300,163,0,1200,1372.7439368098862,7.855599997128593,5264.566599998943,2135.153374233129
1788122321,200,,Aggregated,17.285714,0.000000,1200,1500,1700,2000,2900,3400,3600,5300,5300,5300,5300,163,0,1200,1372.7439368098862,7.855599997128593,5264.566599998943,2135.153374233129
1788122322,200,,Aggregated,17.285714,0.000000,1200,1500,1700,2000,2900,3400,3600,5300,5300,5300,5300,163,0,1200,1372.7439368098862,7.855599997128593,5264.566599998943,2135.153374233129
1788122323,200,,Aggregated,17.285714,0.000000,1200,1500,1700,2000,2900,3400,3600,5300,5300,5300,5300,163,0,1200,1372.7439368098862,7.855599997128593,5264.566599998943,2135.153374233129
1788122324,200,,Aggregated,17.285714,0.000000,1200,1500,1700,2000,2900,3400,3600,5300,5300,5300,5300,163,0,1200,1372.7439368098862,7.855599997128593,5264.566599998943,2135.153374233129
1788122325,200,,Aggregated,17.285714,0.000000,1200,1500,1700,2000,2900,3400,3600,5300,5300,5300,5300,163,0,1200,1372.7439368098862,7.855599997128593,5264.566599998943,2135.153374233129
1788122326,200,,Aggregated,17.285714,0.000000,1200,1500,1700,2000,2900,3400,3600,5300,5300,5300,5300,163,0,1200,1372.7439368098862,7.855599997128593,5264.566599998943,2135.153374233129
1788122327,200,,Aggregated,17.285714,0.000000,1200,1500,1700,2000,2900,3400,3600,5300,5300,5300,5300,163,0,1200,1372.7439368098862,7.855599997128593,5264.566599998943,2135.153374233129
1788122328,200,,Aggregated,17.285714,0.000000,1200,1500,1700,2000,2900,3400,3600,5300,5300,5300,5300,163,0,1200,1372.7439368098862,7.855599997128593,5264.566599998943,2135.153374233129
1788122329,200,,Aggregated,17.285714,0.000000,1200,1500,1700,2000,2900,3400,3600,5300,5300,5300,5300,163,0,1200,1372.7439368098862,7.855599997128593,5264.566599998943,2135.153374233129
1788122330,200,,Aggregated,17.285714,0.000000,1200,1500,1700,2000,2900,3400,3600,5300,5300,5300,5300,163,0,1200,1372.7439368098862,7.855599997128593,5264.566599998943,2135.153374233129
1788122331,200,,Aggregated,17.285714,0.000000,1200,1500,1700,2000,2900,3400,3600,5300,5300,5300,5300,163,0,1200,1372.7439368098862,7.855599997128593,5264.566599998943,2135.153374233129
1788122332,200,,Aggregated,17.285714,0.000000,1200,1500,1700,2000,2900,3400,3600,5300,5300,5300,5300,163,0,1200,1372.7439368098862,7.855599997128593,5264.566599998943,2135.153374233129
1788122333,200,,Aggregated,17.285714,0.000000,1200,1500,1700,2000,2900,3400,3600,5300,5300,5300,5300,163,0,1200,1372.7439368098862,7.855599997128593,5264.566599998943,2135.153374233129
1788122334,200,,Aggregated,17.285714,0.000000,1200,1500,1700,2000,2900,3400,3600,5300,5300,5300,5300,163,0,1200,1372.7439368098862,7.855599997128593,5264.566599998943,2135.153374233129
1788122335,200,,Aggregated,17.285714,0.000000,1200,1500,1700,2000,2900,3400,3600,5300,5300,5300,5300,163,0,1200,1372.7439368098862,7.855599997128593,5264.566599998943,2135.153374233129
1788122336,200,,Aggregated,17.285714,0.000000,1200,1500,1700,2000,2900,3400,3600,5300,5300,5300,5300,163,0,1200,1372.7439368098862,7.855599997128593,5264.566599998943,2135.153374233129
1788122337,200,,Aggregated,17.285714,0.000000,1200,1500,1700,2000,2900,3400,3600,5300,5300,5300,5300,163,0,1200,1372.7439368098862,7.855599997128593,5264.566599998943,2135.153374233129
1788122338,200,,Aggregated,17.285714,0.000000,1200,1500,1700,2000,2900,3400,3600,5300,5300,5300,5300,163,0,1200,1372.7439368098862,7.855599997128593,5264.566599998943,2135.153374233129
1788122339,200,,Aggregated,17.285714,0.000000,1200,1500,1700,2000,2900,3400,3600,5300,5300,5300,5300,163,0,1200,1372.7439368098862,7.855599997128593,5264.566599998943,2135.153374233129
1788122340,200,,Aggregated,17.285714,0.000000,1200,1500,1700,2000,2900,3400,3600,5300,5300,5300,5300,163,0,1200,1372.7439368098862,7.855599997128593,5264.566599998943,2135.153374233129
1788122341,200,,Aggregated,17.285714,0.000000,1200,1500,1700,2000,2900,3400,3600,5300,5300,5300,5300,163,0,1200,1372.7439368098862,7.855599997128593,5264.566599998943,2135.153374233129
1788122342,200,,Aggregated,17.285714,0.000000,1200,1500,1700,2000,2900,3400,3600,5300,5300,5300,5300,163,0,1200,1372.7439368098862,7.855599997128593,5264.566599998943,2135.153374233129
1788122343,200,,Aggregated,17.285714,0.000000,1200,1500,1700,2000,2900,3400,3600,5300,5300,5300,5300,163,0,1200,1372.7439368098862,7.855599997128593,5264.566599998943,2135.153374233129
